,slr,HAT,LAT,elevation
2020-01-01,-0.11790216675246219,0.41609783324753785,-0.3439021667524622,-0.11790216675246219
2020-02-01,-0.07545819953406169,0.45854180046593834,-0.3014581995340617,0.0595432
2020-03-01,-0.0367365285291372,0.4972634714708628,-0.2627365285291372,0.123726
2020-04-01,0.0367243591745953,0.5707243591745953,-0.1892756408254047,0.0152058
2020-05-01,0.0801694284146545,0.6141694284146545,-0.14583057158534551,0.180952
2020-06-01,0.1614861940951959,0.695486194095196,-0.0645138059048041,0.352229
2020-07-01,0.18844713551234687,0.722447135512347,-0.03755286448765313,0.272782
2020-08-01,0.23554073562818922,0.7695407356281893,0.009540735628189217,0.335186
2020-09-01,0.2175228266892487,0.7515228266892487,-0.008477173310751318,0.132262
2020-10-01,0.18199783569823458,0.7159978356982346,-0.04400216430176543,0.0767876
2020-11-01,0.0991027504662946,0.6331027504662946,-0.1268972495337054,-0.111745
2020-12-01,0.0392131903524114,0.5732131903524115,-0.1867868096475886,-0.133481
2021-01-01,-0.048169416387825695,0.48583058361217435,-0.2741694163878257,-0.35236
2021-02-01,-0.08881818376021651,0.44518181623978353,-0.31481818376021653,-0.207669
2021-03-01,0.013216297204367108,0.5472162972043672,-0.2127837027956329,-0.133232
2021-04-01,0.024179076839550298,0.5581790768395504,-0.2018209231604497,-0.24208
2021-05-01,0.05490649139945461,0.5889064913994546,-0.1710935086005454,-0.131512
2021-06-01,0.0640492158999687,0.5980492158999687,-0.1619507841000313,0.228919
2021-07-01,0.057602492475893996,0.591602492475894,-0.168397507524106,0.109793
2021-08-01,0.055986765038927105,0.5899867650389271,-0.1700132349610729,0.208544
2021-09-01,0.0890503901746112,0.6230503901746112,-0.1369496098253888,0.381837
2021-10-01,0.09072252083801971,0.6247225208380197,-0.1352774791619803,0.215101
2021-11-01,0.1227968895582157,0.6567968895582157,-0.1032031104417843,0.122886
2021-12-01,0.1079336865212431,0.6419336865212432,-0.1180663134787569,-0.0857011
2022-01-01,0.1212359923525848,0.6552359923525848,-0.10476400764741521,-0.313198
2022-02-01,0.0637976783269231,0.5977976783269231,-0.1622023216730769,-0.503832
2022-03-01,0.1453652861339934,0.6793652861339934,-0.0806347138660066,-0.205858
2022-04-01,0.1491433438969414,0.6831433438969414,-0.07685665610305861,-0.159794
2022-05-01,0.1830791971873284,0.7170791971873285,-0.042920802812671605,0.129338
2022-06-01,0.1691110309280081,0.7031110309280082,-0.056888969071991896,0.0902394
2022-07-01,0.15899144203645638,0.6929914420364565,-0.06700855796354363,0.0711383
2022-08-01,0.1036927050289371,0.6376927050289372,-0.12230729497106291,0.123423
2022-09-01,0.021768501843459104,0.5557685018434592,-0.2042314981565409,0.0168072
2022-10-01,-0.037826955556615485,0.49617304444338456,-0.2638269555566155,0.0405426
2022-11-01,-0.067866645486885,0.46613335451311505,-0.293866645486885,0.130238
2022-12-01,-0.062326685562510406,0.4716733144374896,-0.2883266855625104,-0.0124846
2023-01-01,0.022697938170034,0.556697938170034,-0.20330206182996602,-0.088401
2023-02-01,0.0790678125691193,0.6130678125691194,-0.1469321874308807,-0.103097
2023-03-01,0.0613469160206665,0.5953469160206666,-0.1646530839793335,0.0925205
2023-04-01,0.1424895054110742,0.6764895054110742,-0.08351049458892582,0.504763
2023-05-01,0.1848097652037041,0.7188097652037041,-0.04119023479629591,0.0114051
2023-06-01,0.2321301013561263,0.7661301013561264,0.006130101356126294,0.175954
2023-07-01,0.2486156665460827,0.7826156665460827,0.022615666546082686,0.417025
2023-08-01,0.2770552199490184,0.8110552199490184,0.05105521994901838,0.0624322
2023-09-01,0.1907260027034758,0.7247260027034759,-0.035273997296524195,0.011076
2023-10-01,0.1045032658025201,0.6385032658025201,-0.1214967341974799,-0.117158
2023-11-01,-0.023637779339687,0.510362220660313,-0.249637779339687,0.0133734
2023-12-01,-0.0659201816054911,0.46807981839450896,-0.2919201816054911,-0.347112
2024-01-01,-0.09791734665321371,0.4360826533467863,-0.3239173466532137,-0.272339
2024-02-01,-0.065030568221206,0.468969431778794,-0.291030568221206,-0.420624
2024-03-01,-0.013945873898077998,0.520054126101922,-0.239945873898078,-0.279071
2024-04-01,0.0385431779414563,0.5725431779414564,-0.1874568220585437,0.0161907
2024-05-01,0.0681085281238628,0.6021085281238628,-0.15789147187613722,0.0891764
2024-06-01,0.1288287986744114,0.6628287986744115,-0.0971712013255886,0.19677
2024-07-01,0.1558290430020538,0.6898290430020538,-0.0701709569979462,0.362257
2024-08-01,0.2270277173795024,0.7610277173795024,0.0010277173795023853,0.304775
2024-09-01,0.24001977781122902,0.774019777811229,0.014019777811229012,0.203878
2024-10-01,0.2129114793440443,0.7469114793440443,-0.013088520655955699,0.261461
2024-11-01,0.1434272853911694,0.6774272853911694,-0.08257271460883062,0.199087
2024-12-01,0.08686972680029499,0.6208697268002951,-0.139130273199705,-0.0741873
2025-01-01,0.008790294875525295,0.5427902948755253,-0.2172097051244747,-0.275013
2025-02-01,-0.0365649467133638,0.49743505328663623,-0.26256494671336383,-0.167937
2025-03-01,0.081083470117606,0.615083470117606,-0.144916529882394,0.188108
2025-04-01,0.06820117601967529,0.6022011760196753,-0.15779882398032472,-0.0928716
2025-05-01,0.08384122872212149,0.6178412287221215,-0.14215877127787852,-0.137277
2025-06-01,0.0673256222560481,0.6013256222560481,-0.1586743777439519,0.0489087
2025-07-01,0.0576852010384548,0.5916852010384548,-0.16831479896154522,0.126385
2025-08-01,0.04737562440152519,0.5813756244015252,-0.17862437559847483,0.244954
2025-09-01,0.0701620724335536,0.6041620724335537,-0.1558379275664464,0.342613
2025-10-01,0.0629989209610343,0.5969989209610344,-0.1630010790389657,0.122137
2025-11-01,0.09426611031410191,0.628266110314102,-0.1317338896858981,0.127463
2025-12-01,0.09018716442290049,0.6241871644229006,-0.1358128355770995,-0.0576271
2026-01-01,0.14093414135747712,0.6749341413574772,-0.08506585864252289,-0.170459
2026-02-01,0.1206213564681475,0.6546213564681476,-0.1053786435318525,-0.308114
2026-03-01,0.1753647325932226,0.7093647325932226,-0.0506352674067774,-0.013287
2026-04-01,0.1926006663810175,0.7266006663810175,-0.03339933361898251,0.153668
2026-05-01,0.2174238390449763,0.7514238390449763,-0.008576160955023698,0.179652
2026-06-01,0.202671515075013,0.736671515075013,-0.023328484924987014,0.00817696
2026-07-01,0.197536803628356,0.731536803628356,-0.028463196371644017,-0.0332548
2026-08-01,0.1462033659238065,0.6802033659238065,-0.0797966340761935,0.241631
2026-09-01,0.05679165301885861,0.5907916530188586,-0.1692083469811414,0.204664
2026-10-01,-0.01179903787778469,0.5222009621222153,-0.2377990378777847,0.373344
2026-11-01,-0.07222653264715911,0.4617734673528409,-0.29822653264715915,0.115924
2026-12-01,-0.07694806281815589,0.4570519371818441,-0.3029480628181559,-0.153757
2027-01-01,0.0014827311040294944,0.5354827311040296,-0.2245172688959705,0.220343
2027-02-01,0.07369166993621229,0.6076916699362123,-0.15230833006378772,-0.110257
2027-03-01,0.045172340117281495,0.5791723401172815,-0.1808276598827185,0.0768793
2027-04-01,0.129022918224447,0.663022918224447,-0.096977081775553,0.254601
2027-05-01,0.1666390755784778,0.7006390755784778,-0.059360924421522215,0.0979619
2027-06-01,0.2265528680039703,0.7605528680039704,0.0005528680039702805,0.228972
2027-07-01,0.250351716859457,0.784351716859457,0.024351716859457,0.0608545
2027-08-01,0.30455212095735207,0.8385521209573521,0.07855212095735206,0.499904
2027-09-01,0.2463069541265952,0.7803069541265952,0.020306954126595195,0.313575
2027-10-01,0.1673647996861426,0.7013647996861426,-0.05863520031385741,-0.101503
2027-11-01,0.032595745537090395,0.5665957455370905,-0.1934042544629096,0.0650716
2027-12-01,-0.015497319502653109,0.5185026804973469,-0.24149731950265313,-0.0600171
2028-01-01,-0.06157557370650679,0.47242442629349324,-0.28757557370650677,0.418091
2028-02-01,-0.051495427967499785,0.48250457203250025,-0.2774954279674998,-0.389847
2028-03-01,0.000619842544195906,0.5346198425441959,-0.2253801574558041,-0.171268
2028-04-01,0.036411353492635495,0.5704113534926355,-0.1895886465073645,0.488546
2028-05-01,0.0607760665370048,0.5947760665370049,-0.16522393346299521,-0.0543814
2028-06-01,0.1114823612732025,0.6454823612732026,-0.1145176387267975,0.186516
2028-07-01,0.1437790221459303,0.6777790221459303,-0.0822209778540697,0.415402
2028-08-01,0.224989263902453,0.758989263902453,-0.0010107360975470103,0.192734
2028-09-01,0.2516760050234065,0.7856760050234065,0.025676005023406473,0.219064
2028-10-01,0.2310965332625411,0.7650965332625411,0.005096533262541086,0.0811199
2028-11-01,0.18574623235104643,0.7197462323510464,-0.04025376764895358,-0.0669621
2028-12-01,0.13835443869430242,0.6723544386943024,-0.08764556130569759,-0.0918143
2029-01-01,0.07051384520548051,0.6045138452054806,-0.1554861547945195,-0.268029
2029-02-01,0.011207782230624005,0.545207782230624,-0.21479221776937601,-0.290863
2029-03-01,0.13094919959260098,0.664949199592601,-0.09505080040739902,-0.0882325
2029-04-01,0.0976835624951447,0.6316835624951447,-0.1283164375048553,-0.198258
2029-05-01,0.1082573362994317,0.6422573362994317,-0.11774266370056831,-0.0227761
2029-06-01,0.0866204897478878,0.6206204897478879,-0.1393795102521122,0.0301477
2029-07-01,0.0849989440573807,0.6189989440573808,-0.1410010559426193,0.013947
2029-08-01,0.0642035605619625,0.5982035605619626,-0.1617964394380375,0.20342
2029-09-01,0.0643718436015521,0.5983718436015522,-0.1616281563984479,0.201941
2029-10-01,0.0483240490248128,0.5823240490248128,-0.1776759509751872,0.100796
2029-11-01,0.0716956306343208,0.6056956306343209,-0.1543043693656792,0.0293608
2029-12-01,0.0721241951357364,0.6061241951357365,-0.1538758048642636,0.112121
2030-01-01,0.15137750737455,0.68537750737455,-0.07462249262545001,-0.013407
2030-02-01,0.16081167613631908,0.6948116761363191,-0.06518832386368092,-0.167025
2030-03-01,0.1885513288858775,0.7225513288858776,-0.037448671114122506,-0.161471
2030-04-01,0.2149991543727075,0.7489991543727075,-0.011000845627292505,0.132729
2030-05-01,0.2413468552142359,0.775346855214236,0.0153468552142359,0.250656
2030-06-01,0.2384898629490158,0.7724898629490158,0.0124898629490158,0.0671898
2030-07-01,0.2391236494446345,0.7731236494446345,0.013123649444634483,0.0848411
2030-08-01,0.196635766275047,0.730635766275047,-0.029364233724953004,0.33956
2030-09-01,0.1081908100325541,0.6421908100325542,-0.11780918996744591,0.0222161
2030-10-01,0.0300976485414398,0.5640976485414398,-0.19590235145856022,-0.029936
2030-11-01,-0.0636518981156533,0.4703481018843467,-0.2896518981156533,0.584519
2030-12-01,-0.0800212441741428,0.4539787558258572,-0.3060212441741428,-0.157467
2031-01-01,-0.016640320794665098,0.517359679205335,-0.2426403207946651,0.294894
2031-02-01,0.05763145559751899,0.5916314555975191,-0.168368544402481,0.260922
2031-03-01,0.027643492327319108,0.5616434923273191,-0.1983565076726809,-0.114783
2031-04-01,0.11464346243611451,0.6486434624361146,-0.1113565375638855,0.0396044
2031-05-01,0.1560231508688251,0.6900231508688252,-0.06997684913117491,0.129353
2031-06-01,0.2215095011884938,0.7555095011884938,-0.004490498811506205,0.418802
2031-07-01,0.2480497507970281,0.7820497507970281,0.02204975079702809,0.300693
2031-08-01,0.3214018970996285,0.8554018970996285,0.09540189709962851,0.411809
2031-09-01,0.2921713013632738,0.8261713013632739,0.06617130136327379,0.343573
2031-10-01,0.2223402607943079,0.7563402607943079,-0.0036597392056920974,0.00259373
2031-11-01,0.0935002931283875,0.6275002931283875,-0.1324997068716125,0.0727114
2031-12-01,0.0393358255690968,0.5733358255690968,-0.18666417443090322,-0.204424
2032-01-01,-0.027044820226340804,0.5069551797736592,-0.2530448202263408,-0.324594
2032-02-01,-0.0388254359288053,0.49517456407119476,-0.2648254359288053,-0.0474581
2032-03-01,0.014194806284739792,0.5481948062847398,-0.21180519371526021,-0.00155552
2032-04-01,0.0451538161989543,0.5791538161989543,-0.18084618380104572,0.282883
2032-05-01,0.07336330618865008,0.6073633061886501,-0.15263669381134992,0.0848734
2032-06-01,0.1181728003412924,0.6521728003412924,-0.1078271996587076,0.315954
2032-07-01,0.1473300120607559,0.6813300120607559,-0.0786699879392441,0.22394
2032-08-01,0.2152410891156969,0.7492410891156969,-0.010758910884303113,0.263906
2032-09-01,0.2501521468976583,0.7841521468976583,0.024152146897658294,0.130709
2032-10-01,0.2385209312096683,0.7725209312096684,0.012520931209668296,0.43582
2032-11-01,0.21800736077899868,0.7520073607789988,-0.007992639221001324,0.114393
2032-12-01,0.1771621214942447,0.7111621214942447,-0.0488378785057553,0.0997979
2033-01-01,0.12310926069158079,0.6571092606915808,-0.10289073930841922,-0.0390041
2033-02-01,0.0522698380308208,0.5862698380308209,-0.1737301619691792,0.348784
2033-03-01,0.16742940633014292,0.701429406330143,-0.05857059366985709,-0.15993
2033-04-01,0.1322457599748752,0.6662457599748752,-0.09375424002512481,-0.0975965
2033-05-01,0.1515941638940353,0.6855941638940353,-0.07440583610596471,-0.0817234
2033-06-01,0.1348887932391864,0.6688887932391865,-0.0911112067608136,0.430736
2033-07-01,0.1350023669543518,0.6690023669543519,-0.0909976330456482,0.166329
2033-08-01,0.09917532181698449,0.6331753218169845,-0.12682467818301552,0.325388
2033-09-01,0.07294671247652411,0.6069467124765241,-0.1530532875234759,0.355711
2033-10-01,0.044616049571761504,0.5786160495717615,-0.18138395042823852,0.571916
2033-11-01,0.05109255781636139,0.5850925578163614,-0.17490744218363863,-0.00649416
2033-12-01,0.0530142922703135,0.5870142922703135,-0.17298570772968652,0.513191
2034-01-01,0.1455868986827927,0.6795868986827928,-0.0804131013172073,-0.0814226
2034-02-01,0.1770070072371413,0.7110070072371413,-0.048992992762858706,-0.077653
2034-03-01,0.1855817089394462,0.7195817089394463,-0.04041829106055381,0.0183868
2034-04-01,0.2288720840655289,0.762872084065529,0.002872084065528885,0.464203
2034-05-01,0.2635848612958455,0.7975848612958456,0.03758486129584551,0.691938
2034-06-01,0.2753642444280219,0.8093642444280219,0.04936424442802187,0.458206
2034-07-01,0.2807225073912401,0.8147225073912401,0.0547225073912401,0.587839
2034-08-01,0.2531358869340633,0.7871358869340633,0.027135886934063297,0.0823533
2034-09-01,0.1647289620645771,0.6987289620645771,-0.061271037935422906,-0.123875
2034-10-01,0.0783154911780912,0.6123154911780913,-0.1476845088219088,0.13762
2034-11-01,-0.0425287298431154,0.49147127015688463,-0.2685287298431154,-0.12591
2034-12-01,-0.0709007375283407,0.46309926247165933,-0.2969007375283407,-0.0639899
2035-01-01,-0.031120026602495993,0.502879973397504,-0.257120026602496,0.0755576
2035-02-01,0.040739572250614794,0.5747395722506148,-0.18526042774938523,0.0535448
2035-03-01,0.025882921503980305,0.5598829215039803,-0.2001170784960197,0.0335475
2035-04-01,0.1125619481839545,0.6465619481839545,-0.11343805181604551,0.528262
2035-05-01,0.155371475891904,0.6893714758919041,-0.070628524108096,0.358507
2035-06-01,0.2148740410224729,0.7488740410224729,-0.011125958977527106,0.543436
2035-07-01,0.2364622693671968,0.7704622693671969,0.010462269367196797,0.277047
2035-08-01,0.3148514807335639,0.8488514807335639,0.08885148073356389,0.355641
2035-09-01,0.3198883310994992,0.8538883310994992,0.0938883310994992,0.509737
2035-10-01,0.2665097524662315,0.8005097524662315,0.04050975246623148,0.221946
2035-11-01,0.1498102733031436,0.6838102733031436,-0.07618972669685642,0.247965
2035-12-01,0.09006997186832319,0.6240699718683232,-0.13593002813167682,0.0231027
2036-01-01,0.013035142896436702,0.5470351428964367,-0.2129648571035633,0.162475
2036-02-01,-0.013167411396127593,0.5208325886038725,-0.2391674113961276,0.338356
2036-03-01,0.04538518473886201,0.579385184738862,-0.18061481526113798,-0.15033
2036-04-01,0.07979222195155841,0.6137922219515585,-0.1462077780484416,0.506125
2036-05-01,0.11280439172770851,0.6468043917277085,-0.1131956082722915,0.168124
2036-06-01,0.1361391656570166,0.6701391656570166,-0.08986083434298342,0.441396
2036-07-01,0.1477676251782851,0.6817676251782852,-0.07823237482171491,0.55202
2036-08-01,0.1926530063679357,0.7266530063679357,-0.03334699363206431,0.222638
2036-09-01,0.2331533024802469,0.7671533024802469,0.007153302480246898,0.209487
2036-10-01,0.2296317693319572,0.7636317693319572,0.003631769331957191,0.236998
2036-11-01,0.2330871975861375,0.7670871975861375,0.007087197586137489,0.218055
2036-12-01,0.1984188007257765,0.7324188007257766,-0.027581199274223506,0.254019
2037-01-01,0.1627509241353674,0.6967509241353674,-0.0632490758646326,0.0703256
2037-02-01,0.09863845934311889,0.6326384593431189,-0.1273615406568811,-0.0326855
2037-03-01,0.2016754966891063,0.7356754966891064,-0.024324503310893697,-0.14036
2037-04-01,0.189275533717019,0.723275533717019,-0.03672446628298101,0.0755168
2037-05-01,0.21560913985654678,0.7496091398565468,-0.010390860143453223,-0.103494
2037-06-01,0.1925604164578327,0.7265604164578328,-0.033439583542167306,-0.00991361
2037-07-01,0.18702430679107238,0.7210243067910724,-0.03897569320892763,0.575532
2037-08-01,0.1364616356578915,0.6704616356578915,-0.08953836434210852,0.130813
2037-09-01,0.0847044866341167,0.6187044866341167,-0.1412955133658833,0.0589897
2037-10-01,0.050995309196375904,0.584995309196376,-0.1750046908036241,-0.00130121
2037-11-01,0.04056282746142019,0.5745628274614202,-0.18543717253857983,0.253632
2037-12-01,0.0351652600452001,0.5691652600452002,-0.1908347399547999,0.833697
2038-01-01,0.12770778922523482,0.6617077892252349,-0.09829221077476519,-0.0532767
2038-02-01,0.1849869772674675,0.7189869772674675,-0.04101302273253252,0.117291
2038-03-01,0.1807937172267898,0.7147937172267899,-0.045206282773210205,0.229179
2038-04-01,0.2428451996569304,0.7768451996569304,0.016845199656930404,0.400872
2038-05-01,0.2832945966246929,0.817294596624693,0.05729459662469291,0.693138
2038-06-01,0.3091188484959638,0.8431188484959639,0.08311884849596382,0.473973
2038-07-01,0.3130514050204196,0.8470514050204196,0.08705140502041961,0.147451
2038-08-01,0.3006719429054993,0.8346719429054994,0.0746719429054993,0.446767
2038-09-01,0.2230940250167251,0.7570940250167251,-0.0029059749832749115,0.158219
2038-10-01,0.1375080778207638,0.6715080778207638,-0.08849192217923621,-0.0884004
2038-11-01,-0.006430423922296202,0.5275695760777038,-0.2324304239222962,-0.00516731
2038-12-01,-0.04710044428128521,0.4868995557187148,-0.2731004442812852,-0.106982
2039-01-01,-0.030162830736597812,0.5038371692634023,-0.25616283073659785,-0.10546
2039-02-01,0.03318005495500062,0.5671800549550007,-0.19281994504499939,0.535493
2039-03-01,0.0462310011520487,0.5802310011520487,-0.1797689988479513,0.280036
2039-04-01,0.1222389002319878,0.6562389002319878,-0.1037610997680122,0.204877
2039-05-01,0.16252558778813941,0.6965255877881394,-0.06347441221186059,0.657243
2039-06-01,0.2015138006635431,0.7355138006635431,-0.024486199336456904,0.30056
2039-07-01,0.2079028222126458,0.7419028222126458,-0.0180971777873542,0.589415
2039-08-01,0.2914896035384291,0.8254896035384292,0.06548960353842911,0.362746
2039-09-01,0.3369840373416392,0.8709840373416392,0.11098403734163917,0.358446
2039-10-01,0.2995043832020377,0.8335043832020377,0.0735043832020377,0.130652
2039-11-01,0.2016194116702594,0.7356194116702595,-0.024380588329740605,-0.127792
2039-12-01,0.142886146460985,0.676886146460985,-0.08311385353901501,-0.132717
2040-01-01,0.0608562883724747,0.5948562883724747,-0.1651437116275253,-0.0702839
2040-02-01,0.029660007839505398,0.5636600078395054,-0.1963399921604946,0.173039
2040-03-01,0.09992848794158189,0.633928487941582,-0.1260715120584181,0.0390152
2040-04-01,0.1322230538009165,0.6662230538009165,-0.0937769461990835,0.334693
2040-05-01,0.15477854595080912,0.6887785459508091,-0.07122145404919089,0.387656
2040-06-01,0.1439046135729587,0.6779046135729587,-0.08209538642704131,0.194283
2040-07-01,0.13852419601751048,0.6725241960175106,-0.08747580398248953,0.566073
2040-08-01,0.16405725401469068,0.6980572540146908,-0.06194274598530933,0.614763
2040-09-01,0.2106741559441619,0.7446741559441619,-0.015325844055838117,0.577711
2040-10-01,0.2142453444285723,0.7482453444285724,-0.011754655571427713,0.155682
2040-11-01,0.2327345197071794,0.7667345197071794,0.006734519707179393,0.537992
2040-12-01,0.2009535972298126,0.7349535972298127,-0.02504640277018741,0.348914
2041-01-01,0.1966175207639356,0.7306175207639356,-0.029382479236064407,-0.0570156
2041-02-01,0.1638403706422578,0.6978403706422578,-0.06215962935774222,-0.36224
2041-03-01,0.2485052777893155,0.7825052777893156,0.022505277789315492,-0.0900065
2041-04-01,0.2585945090929498,0.7925945090929498,0.03259450909294978,-0.0665991
2041-05-01,0.2773915963843931,0.8113915963843932,0.051391596384393085,0.156222
2041-06-01,0.24344869135487698,0.777448691354877,0.017448691354876977,0.0707521
2041-07-01,0.2320925153223924,0.7660925153223924,0.006092515322392383,0.00957339
2041-08-01,0.1740747071804002,0.7080747071804002,-0.051925292819599816,0.0903921
2041-09-01,0.11397622565620529,0.6479762256562053,-0.11202377434379472,0.174793
2041-10-01,0.07473731918047301,0.608737319180473,-0.15126268081952698,0.0932447
2041-11-01,0.033008720907106104,0.5670087209071062,-0.1929912790928939,0.1041
2041-12-01,0.0182637467545263,0.5522637467545264,-0.2077362532454737,0.107917
2042-01-01,0.11078199419227329,0.6447819941922733,-0.11521800580772672,0.36117
2042-02-01,0.19120221572728952,0.7252022157272895,-0.03479778427271049,-0.0479589
2042-03-01,0.1749681518190481,0.7089681518190482,-0.05103184818095191,-0.020091
2042-04-01,0.2545801256251638,0.7885801256251639,0.028580125625163794,0.309276
2042-05-01,0.29398090875503136,0.8279809087550314,0.06798090875503135,-0.00334905
2042-06-01,0.3270150273109339,0.8610150273109339,0.1010150273109339,0.569404
2042-07-01,0.3329471466324766,0.8669471466324766,0.10694714663247659,0.137769
2042-08-01,0.3472119024498057,0.8812119024498057,0.1212119024498057,0.88309
2042-09-01,0.2861056803405043,0.8201056803405044,0.060105680340504314,0.0472432
2042-10-01,0.2040740311840756,0.7380740311840757,-0.0219259688159244,-0.0322909
2042-11-01,0.0456161560269874,0.5796161560269875,-0.1803838439730126,-0.14056
2042-12-01,-0.005442131781040194,0.5285578682189598,-0.2314421317810402,0.134746
2043-01-01,-0.013197668096684795,0.5208023319033153,-0.2391976680966848,-0.0320119
2043-02-01,0.03761743231309658,0.5716174323130966,-0.18838256768690342,-0.196569
2043-03-01,0.0761566275597613,0.6101566275597613,-0.1498433724402387,-0.0365493
2043-04-01,0.1349652834454675,0.6689652834454676,-0.09103471655453252,0.171588
2043-05-01,0.1659190399296057,0.6999190399296057,-0.06008096007039432,0.151671
2043-06-01,0.1808654076027093,0.7148654076027093,-0.0451345923972907,0.762724
2043-07-01,0.18268477579966108,0.7166847757996611,-0.043315224200338925,0.240515
2043-08-01,0.2740852226415695,0.8080852226415696,0.048085222641569475,0.52208
2043-09-01,0.3480904505975113,0.8820904505975113,0.12209045059751131,0.140325
2043-10-01,0.3248269416800865,0.8588269416800866,0.09882694168008652,0.13654
2043-11-01,0.2504330478494987,0.7844330478494987,0.024433047849498707,0.299096
2043-12-01,0.19399716221278848,0.7279971622127885,-0.032002837787211524,-0.456972
2044-01-01,0.12052273727326591,0.6545227372732659,-0.10547726272673409,-0.0164213
2044-02-01,0.0915036366081802,0.6255036366081802,-0.1344963633918198,0.0682331
2044-03-01,0.1649237465180902,0.6989237465180902,-0.061076253481909815,0.268207
2044-04-01,0.176104242645704,0.710104242645704,-0.049895757354295994,0.23141
2044-05-01,0.1860618136292208,0.7200618136292208,-0.0399381863707792,0.00834352
2044-06-01,0.1493493590054155,0.6833493590054155,-0.07665064099458452,0.13687
2044-07-01,0.1381384095322915,0.6721384095322915,-0.0878615904677085,0.874095
2044-08-01,0.1545431463788991,0.6885431463788991,-0.07145685362110091,0.417017
2044-09-01,0.19702111774047132,0.7310211177404713,-0.028978882259528688,0.21564
2044-10-01,0.1946431450642201,0.7286431450642201,-0.031356854935779915,0.512532
2044-11-01,0.2200338352685415,0.7540338352685415,-0.005966164731458501,0.0106215
2044-12-01,0.1973572805323666,0.7313572805323666,-0.028642719467633415,0.541784
2045-01-01,0.2275672994868564,0.7615672994868564,0.0015672994868563828,0.0585948
2045-02-01,0.2306306052358389,0.7646306052358389,0.004630605235838886,0.256704
2045-03-01,0.2844364968925182,0.8184364968925182,0.0584364968925182,-0.101032
2045-04-01,0.3105795474084647,0.8445795474084647,0.08457954740846471,0.143146
2045-05-01,0.3210822936491683,0.8550822936491683,0.09508229364916829,-0.0674843
2045-06-01,0.2836608483836187,0.8176608483836187,0.05766084838361871,0.189024
2045-07-01,0.2755250216079438,0.8095250216079438,0.04952502160794378,0.252934
2045-08-01,0.2219211987704436,0.7559211987704436,-0.004078801229556395,0.11279
2045-09-01,0.15472504038903662,0.6887250403890366,-0.07127495961096339,-0.0496633
2045-10-01,0.1062916159092004,0.6402916159092005,-0.1197083840907996,0.0390245
2045-11-01,0.0384571486623409,0.5724571486623409,-0.1875428513376591,0.032832
2045-12-01,0.014642798582500893,0.5486427985825009,-0.2113572014174991,-0.0747198
2046-01-01,0.0977599914300891,0.6317599914300891,-0.1282400085699109,0.13012
2046-02-01,0.19681019389418858,0.7308101938941887,-0.029189806105811428,0.0273014
2046-03-01,0.1656949144628766,0.6996949144628766,-0.06030508553712341,0.0730695
2046-04-01,0.2545399958792206,0.7885399958792206,0.028539995879220598,0.314992
2046-05-01,0.2907506659686213,0.8247506659686213,0.06475066596862131,0.267493
2046-06-01,0.33921878919872317,0.8732187891987232,0.11321878919872316,0.273841
2046-07-01,0.3519299908756629,0.8859299908756629,0.1259299908756629,0.749221
2046-08-01,0.385845025051066,0.919845025051066,0.159845025051066,0.66456
2046-09-01,0.34899996982890646,0.8829999698289065,0.12299996982890646,0.0504729
2046-10-01,0.2762126919216171,0.8102126919216172,0.05021269192161712,-0.0100922
2046-11-01,0.1094529170843292,0.6434529170843293,-0.11654708291567081,0.236646
2046-12-01,0.05000993094844419,0.5840099309484442,-0.17599006905155581,0.0650924
2047-01-01,0.02007183549297148,0.5540718354929715,-0.20592816450702853,-0.305889
2047-02-01,0.046678976145572204,0.5806789761455722,-0.1793210238544278,-0.126388
2047-03-01,0.1009031488828648,0.6349031488828648,-0.1250968511171352,-0.327066
2047-04-01,0.1433550078006882,0.6773550078006882,-0.08264499219931182,0.375267
2047-05-01,0.1744979541265145,0.7084979541265145,-0.0515020458734855,0.388019
2047-06-01,0.1812052269837063,0.7152052269837064,-0.0447947730162937,0.558929
2047-07-01,0.1836825742304851,0.7176825742304851,-0.042317425769514916,0.410097
2047-08-01,0.269690891980001,0.803690891980001,0.043690891980001006,0.34771
2047-09-01,0.354462397220096,0.888462397220096,0.12846239722009598,0.624826
2047-10-01,0.33997119233046197,0.873971192330462,0.11397119233046196,0.225853
2047-11-01,0.29228105224447076,0.8262810522444708,0.06628105224447076,-0.0725262
2047-12-01,0.2454144097016549,0.7794144097016549,0.019414409701654894,0.0453148
2048-01-01,0.1834786175652521,0.7174786175652521,-0.0425213824347479,-0.0896534
2048-02-01,0.1455261123532853,0.6795261123532853,-0.0804738876467147,-0.0664867
2048-03-01,0.21335280329563353,0.7473528032956336,-0.012647196704366481,-0.308801
2048-04-01,0.20847870699943588,0.7424787069994359,-0.017521293000564125,-0.0288344
2048-05-01,0.2158059832785564,0.7498059832785564,-0.0101940167214436,0.263978
2048-06-01,0.1713772001721259,0.7053772001721259,-0.0546227998278741,0.22281
2048-07-01,0.166884085929325,0.700884085929325,-0.05911591407067501,0.210508
2048-08-01,0.1702740976265974,0.7042740976265974,-0.05572590237340261,0.371562
2048-09-01,0.189445119171029,0.723445119171029,-0.036554880828971015,0.336029
2048-10-01,0.1798941716952846,0.7138941716952847,-0.04610582830471541,0.234854
2048-11-01,0.2068283107673263,0.7408283107673264,-0.019171689232673705,0.371151
2048-12-01,0.1882147680347763,0.7222147680347764,-0.03778523196522371,0.125848
2049-01-01,0.24469605231893649,0.7786960523189366,0.01869605231893648,0.161803
2049-02-01,0.2783316739165586,0.8123316739165587,0.0523316739165586,0.450201
2049-03-01,0.3003624817140695,0.8343624817140696,0.07436248171406948,0.0144569
2049-04-01,0.3392838361773686,0.8732838361773687,0.11328383617736862,0.0160717
2049-05-01,0.35170124917235457,0.8857012491723546,0.12570124917235456,0.683163
2049-06-01,0.3271533563542738,0.8611533563542738,0.10115335635427378,0.234278
2049-07-01,0.3252441725174773,0.8592441725174773,0.09924417251747727,0.23994
2049-08-01,0.2778725740691972,0.8118725740691972,0.05187257406919718,0.271077
2049-09-01,0.2096452465396377,0.7436452465396377,-0.016354753460362303,0.173834
2049-10-01,0.1525142562657086,0.6865142562657086,-0.0734857437342914,0.0432735
2049-11-01,0.0558333400699714,0.5898333400699715,-0.1701666599300286,0.247544
2049-12-01,0.0193549042391295,0.5533549042391295,-0.2066450957608705,0.165126
2050-01-01,0.08685092871049249,0.6208509287104925,-0.13914907128950751,0.464206
